
<core:FragmentDefinition
xmlns="sap.m"
xmlns:f="sap.ui.layout.form"
xmlns:l="sap.ui.layout"
xmlns:core="sap.ui.core"
>
    <Dialog id="openDialog" title="New Entry">
    <VBox class="sapUiSmallMargin">
    <f:SimpleForm
         id="SimpleFormDisplay354"
         editable="true"
         layout="ResponsiveGridLayout"
         title="Enter New data"
         labelSpanXL="3"
     labelSpanL="3"
         labelSpanM="3"
         labelSpanS="12"
         adjustLabelSpan="false"
         emptySpanXL="4"
         emptySpanL="4"
         emptySpanM="4"
         emptySpanS="0"
     columnsXL="1"
         columnsL="1"
         columnsM="1"
         singleContainerFullSize="false">
    <f:content>
    <Label text="Category ID"/>
    <Input id="field0" value="" />
    <Label text="Name"/>
    <Input id="field1" value="" />
    <Label text="Desc."/>
    <Input id="field2" value=""/>
    </f:content>
    </f:SimpleForm>
    </VBox>
<buttons>
    <Button text="Update" press=".saveDialog"/>
    <Button text="Cancel" press=".closeDialog"/>
</buttons>
</Dialog>
</core:FragmentDefinition>